ATR_multiplier,Capital,Trades
1.5,3048.087288528577,404
2.0,2405.130288041938,352
2.5,2138.416278375297,318
3.0,2021.0163860335165,290
