ST_period,Capital,Trades
7,2015.7359333870297,282
10,2011.5652544974268,278
14,1905.2197301052672,274
