Train,Test,Capital,Trades
2019-2020,2021,1149.6972372116202,90
2021-2022,2023,1781.1633815731532,122
2023-2024,2025,1231.0110442808486,100
