Train,Test,Capital,Trades
2017-2018,2019,1523.6043241913037,88
2020-2021,2022,933.5578325232857,100
2022-2023,2024,1470.735828417422,106
